{"nodes":{"node:1":{"location":{"x":358,"y":272}}},"selection":null,"view":{"scroll":{"x":434.14166259765625,"y":-353.831756591796875},"zoom":2.5}}